[
{
    "model": "django_comments.comment",
    "pk": 1,
    "fields": {
        "content_type": 18,
        "object_pk": "1",
        "site": 1,
        "user": 1,
        "user_name": "",
        "user_email": "",
        "user_url": "",
        "comment": "Vivamus dictum dolor sit amet nibh porttitor, eget tempus odio tristique. Ut quis elit a nulla sagittis viverra. Aenean id metus eget enim finibus vestibulum. Fusce consequat magna ipsum, ut ullamcorper risus ultricies ac.",
        "submit_date": "2025-07-04T13:47:46.030Z",
        "ip_address": null,
        "is_public": true,
        "is_removed": false
    }
},
{
    "model": "django_comments.comment",
    "pk": 2,
    "fields": {
        "content_type": 19,
        "object_pk": "1",
        "site": 1,
        "user": 1,
        "user_name": "",
        "user_email": "",
        "user_url": "",
        "comment": "Proin rutrum purus in lectus euismod accumsan. Nulla non pharetra dolor. Vivamus sapien purus, bibendum a eleifend non, blandit eu enim. Ut sit amet nibh eget libero sagittis facilisis.",
        "submit_date": "2025-07-14T09:14:46Z",
        "ip_address": null,
        "is_public": true,
        "is_removed": false
    }
},
{
    "model": "django_comments.comment",
    "pk": 3,
    "fields": {
        "content_type": 23,
        "object_pk": "1",
        "site": 1,
        "user": 1,
        "user_name": "",
        "user_email": "",
        "user_url": "",
        "comment": "Donec ut tincidunt elit, vitae accumsan nibh. Ut eu auctor quam. Duis elementum ex a vehicula tempus. Curabitur eget sem tortor. Phasellus vestibulum lectus convallis, dignissim augue sed, volutpat enim.",
        "submit_date": "2025-07-14T09:14:46Z",
        "ip_address": null,
        "is_public": true,
        "is_removed": false
    }
},
{
    "model": "django_comments.comment",
    "pk": 4,
    "fields": {
        "content_type": 18,
        "object_pk": "6",
        "site": 1,
        "user": 1,
        "user_name": "Administrator",
        "user_email": "admin@example.com",
        "user_url": "",
        "comment": "This comment has to be get the `is_public` attribute to `False`, so that `PostCommentView` sends a JsonResponse with the `moderated_js.html` template. So 'moderate this comment', please.",
        "submit_date": "2025-07-22T10:23:54.324Z",
        "ip_address": "127.0.0.1",
        "is_public": false,
        "is_removed": false
    }
},
{
    "model": "django_comments.comment",
    "pk": 5,
    "fields": {
        "content_type": 18,
        "object_pk": "8",
        "site": 1,
        "user": 1,
        "user_name": "Administrator",
        "user_email": "admin@example.com",
        "user_url": "",
        "comment": "This comment form is sent directly in the template `posted_js_test.html`, to the article 'Force published_js', and rendered with the JS plugin.",
        "submit_date": "2025-07-22T10:25:20.009Z",
        "ip_address": "127.0.0.1",
        "is_public": true,
        "is_removed": false
    }
},
{
    "model": "django_comments.comment",
    "pk": 6,
    "fields": {
        "content_type": 18,
        "object_pk": "9",
        "site": 1,
        "user": 14,
        "user_name": "Ranveer Yu",
        "user_email": "ranveer.yu@example.com",
        "user_url": "",
        "comment": "In ornare vulputate ex, in lobortis ipsum dapibus at. Curabitur sit amet blandit neque, ut interdum nunc. Vivamus a orci sit amet felis vehicula ullamcorper. Suspendisse eget ligula nisi. Integer purus purus, mollis non mauris ac, lobortis dapibus ipsum.",
        "submit_date": "2025-07-22T10:34:55.492Z",
        "ip_address": "127.0.0.1",
        "is_public": true,
        "is_removed": false
    }
},
{
    "model": "django_comments.comment",
    "pk": 7,
    "fields": {
        "content_type": 22,
        "object_pk": "1",
        "site": 1,
        "user": 14,
        "user_name": "Ranveer Yu",
        "user_email": "ranveer.yu@example.com",
        "user_url": "",
        "comment": "In ornare vulputate ex, in lobortis ipsum dapibus at. Curabitur sit amet blandit neque, ut interdum nunc. Vivamus a orci sit amet felis vehicula ullamcorper. Suspendisse eget ligula nisi. Integer purus purus, mollis non mauris ac, lobortis dapibus ipsum.",
        "submit_date": "2025-07-22T10:35:53.697Z",
        "ip_address": "127.0.0.1",
        "is_public": true,
        "is_removed": false
    }
},
{
    "model": "django_comments.comment",
    "pk": 8,
    "fields": {
        "content_type": 18,
        "object_pk": "10",
        "site": 1,
        "user": 5,
        "user_name": "Lena Rosenthal",
        "user_email": "lena.rosenthal@example.com",
        "user_url": "",
        "comment": "Praesent imperdiet vulputate purus at condimentum. Donec a turpis sit amet sem dapibus volutpat in nec mi. Aenean volutpat sodales mattis.",
        "submit_date": "2025-07-22T10:37:14.179Z",
        "ip_address": "127.0.0.1",
        "is_public": true,
        "is_removed": false
    }
},
{
    "model": "django_comments.comment",
    "pk": 9,
    "fields": {
        "content_type": 18,
        "object_pk": "10",
        "site": 1,
        "user": 6,
        "user_name": "Amalia Ocean",
        "user_email": "amalia.ocean@example.com",
        "user_url": "",
        "comment": "Duis elementum erat erat, accumsan aliquam magna convallis id. Mauris placerat erat vel magna dictum, eget fringilla sem condimentum. Sed faucibus, mi sit amet euismod consectetur, nunc orci faucibus turpis, at bibendum neque ligula eget elit.",
        "submit_date": "2025-07-22T10:38:17.747Z",
        "ip_address": "127.0.0.1",
        "is_public": true,
        "is_removed": false
    }
},
{
    "model": "django_comments.comment",
    "pk": 10,
    "fields": {
        "content_type": 18,
        "object_pk": "10",
        "site": 1,
        "user": 10,
        "user_name": "David Fields",
        "user_email": "david.fields@example.com",
        "user_url": "",
        "comment": "Donec ante massa, gravida et magna vitae, mattis sodales augue. Nam in viverra enim. Nulla malesuada euismod congue. Phasellus nec condimentum lorem, vel semper libero.",
        "submit_date": "2025-07-22T10:39:13.230Z",
        "ip_address": "127.0.0.1",
        "is_public": true,
        "is_removed": false
    }
},
{
    "model": "django_comments.comment",
    "pk": 11,
    "fields": {
        "content_type": 22,
        "object_pk": "2",
        "site": 1,
        "user": 5,
        "user_name": "Lena Rosenthal",
        "user_email": "lena.rosenthal@example.com",
        "user_url": "",
        "comment": "Praesent imperdiet vulputate purus at condimentum. Donec a turpis sit amet sem dapibus volutpat in nec mi. Aenean volutpat sodales mattis.",
        "submit_date": "2025-07-22T10:37:14.179Z",
        "ip_address": "127.0.0.1",
        "is_public": true,
        "is_removed": false
    }
},
{
    "model": "django_comments.comment",
    "pk": 12,
    "fields": {
        "content_type": 22,
        "object_pk": "2",
        "site": 1,
        "user": 6,
        "user_name": "Amalia Ocean",
        "user_email": "amalia.ocean@example.com",
        "user_url": "",
        "comment": "Duis elementum erat erat, accumsan aliquam magna convallis id. Mauris placerat erat vel magna dictum, eget fringilla sem condimentum. Sed faucibus, mi sit amet euismod consectetur, nunc orci faucibus turpis, at bibendum neque ligula eget elit.",
        "submit_date": "2025-07-22T10:38:17.747Z",
        "ip_address": "127.0.0.1",
        "is_public": true,
        "is_removed": false
    }
},
{
    "model": "django_comments.comment",
    "pk": 13,
    "fields": {
        "content_type": 22,
        "object_pk": "2",
        "site": 1,
        "user": 10,
        "user_name": "David Fields",
        "user_email": "david.fields@example.com",
        "user_url": "",
        "comment": "Donec ante massa, gravida et magna vitae, mattis sodales augue. Nam in viverra enim. Nulla malesuada euismod congue. Phasellus nec condimentum lorem, vel semper libero.",
        "submit_date": "2025-07-22T10:39:13.230Z",
        "ip_address": "127.0.0.1",
        "is_public": true,
        "is_removed": false
    }
},
{
    "model": "django_comments.comment",
    "pk": 14,
    "fields": {
        "content_type": 19,
        "object_pk": "2",
        "site": 1,
        "user": 5,
        "user_name": "Lena Rosenthal",
        "user_email": "lena.rosenthal@example.com",
        "user_url": "",
        "comment": "Praesent imperdiet vulputate purus at condimentum. Donec a turpis sit amet sem dapibus volutpat in nec mi. Aenean volutpat sodales mattis.",
        "submit_date": "2025-07-22T10:37:14.179Z",
        "ip_address": "127.0.0.1",
        "is_public": true,
        "is_removed": false
    }
},
{
    "model": "django_comments.comment",
    "pk": 15,
    "fields": {
        "content_type": 19,
        "object_pk": "2",
        "site": 1,
        "user": 6,
        "user_name": "Amalia Ocean",
        "user_email": "amalia.ocean@example.com",
        "user_url": "",
        "comment": "Duis elementum erat erat, accumsan aliquam magna convallis id. Mauris placerat erat vel magna dictum, eget fringilla sem condimentum. Sed faucibus, mi sit amet euismod consectetur, nunc orci faucibus turpis, at bibendum neque ligula eget elit.",
        "submit_date": "2025-07-22T10:38:17.747Z",
        "ip_address": "127.0.0.1",
        "is_public": true,
        "is_removed": false
    }
},
{
    "model": "django_comments.comment",
    "pk": 16,
    "fields": {
        "content_type": 19,
        "object_pk": "2",
        "site": 1,
        "user": 10,
        "user_name": "David Fields",
        "user_email": "david.fields@example.com",
        "user_url": "",
        "comment": "Donec ante massa, gravida et magna vitae, mattis sodales augue. Nam in viverra enim. Nulla malesuada euismod congue. Phasellus nec condimentum lorem, vel semper libero.",
        "submit_date": "2025-07-22T10:39:13.230Z",
        "ip_address": "127.0.0.1",
        "is_public": true,
        "is_removed": false
    }
},
{
    "model": "django_comments.comment",
    "pk": 17,
    "fields": {
        "content_type": 23,
        "object_pk": "2",
        "site": 1,
        "user": 5,
        "user_name": "Lena Rosenthal",
        "user_email": "lena.rosenthal@example.com",
        "user_url": "",
        "comment": "Praesent imperdiet vulputate purus at condimentum. Donec a turpis sit amet sem dapibus volutpat in nec mi. Aenean volutpat sodales mattis.",
        "submit_date": "2025-07-22T10:37:14.179Z",
        "ip_address": "127.0.0.1",
        "is_public": true,
        "is_removed": false
    }
},
{
    "model": "django_comments.comment",
    "pk": 18,
    "fields": {
        "content_type": 23,
        "object_pk": "2",
        "site": 1,
        "user": 6,
        "user_name": "Amalia Ocean",
        "user_email": "amalia.ocean@example.com",
        "user_url": "",
        "comment": "Duis elementum erat erat, accumsan aliquam magna convallis id. Mauris placerat erat vel magna dictum, eget fringilla sem condimentum. Sed faucibus, mi sit amet euismod consectetur, nunc orci faucibus turpis, at bibendum neque ligula eget elit.",
        "submit_date": "2025-07-22T10:38:17.747Z",
        "ip_address": "127.0.0.1",
        "is_public": true,
        "is_removed": false
    }
},
{
    "model": "django_comments.comment",
    "pk": 19,
    "fields": {
        "content_type": 23,
        "object_pk": "2",
        "site": 1,
        "user": 10,
        "user_name": "David Fields",
        "user_email": "david.fields@example.com",
        "user_url": "",
        "comment": "Donec ante massa, gravida et magna vitae, mattis sodales augue. Nam in viverra enim. Nulla malesuada euismod congue. Phasellus nec condimentum lorem, vel semper libero.",
        "submit_date": "2025-07-22T10:39:13.230Z",
        "ip_address": "127.0.0.1",
        "is_public": true,
        "is_removed": false
    }
},
{
    "model": "django_comments.comment",
    "pk": 20,
    "fields": {
        "content_type": 20,
        "object_pk": "1",
        "site": 1,
        "user": 5,
        "user_name": "Lena Rosenthal",
        "user_email": "lena.rosenthal@example.com",
        "user_url": "",
        "comment": "Praesent imperdiet vulputate purus at condimentum. Donec a turpis sit amet sem dapibus volutpat in nec mi. Aenean volutpat sodales mattis.",
        "submit_date": "2025-07-22T10:37:14.179Z",
        "ip_address": "127.0.0.1",
        "is_public": true,
        "is_removed": false
    }
},
{
    "model": "django_comments.comment",
    "pk": 21,
    "fields": {
        "content_type": 20,
        "object_pk": "1",
        "site": 1,
        "user": 6,
        "user_name": "Amalia Ocean",
        "user_email": "amalia.ocean@example.com",
        "user_url": "",
        "comment": "Duis elementum erat erat, accumsan aliquam magna convallis id. Mauris placerat erat vel magna dictum, eget fringilla sem condimentum. Sed faucibus, mi sit amet euismod consectetur, nunc orci faucibus turpis, at bibendum neque ligula eget elit.",
        "submit_date": "2025-07-22T10:38:17.747Z",
        "ip_address": "127.0.0.1",
        "is_public": true,
        "is_removed": false
    }
},
{
    "model": "django_comments.comment",
    "pk": 22,
    "fields": {
        "content_type": 20,
        "object_pk": "1",
        "site": 1,
        "user": 10,
        "user_name": "David Fields",
        "user_email": "david.fields@example.com",
        "user_url": "",
        "comment": "Donec ante massa, gravida et magna vitae, mattis sodales augue. Nam in viverra enim. Nulla malesuada euismod congue. Phasellus nec condimentum lorem, vel semper libero.",
        "submit_date": "2025-07-22T10:39:13.230Z",
        "ip_address": "127.0.0.1",
        "is_public": true,
        "is_removed": false
    }
},
{
    "model": "django_comments.comment",
    "pk": 23,
    "fields": {
        "content_type": 24,
        "object_pk": "1",
        "site": 1,
        "user": 5,
        "user_name": "Lena Rosenthal",
        "user_email": "lena.rosenthal@example.com",
        "user_url": "",
        "comment": "Praesent imperdiet vulputate purus at condimentum. Donec a turpis sit amet sem dapibus volutpat in nec mi. Aenean volutpat sodales mattis.",
        "submit_date": "2025-07-22T10:37:14.179Z",
        "ip_address": "127.0.0.1",
        "is_public": true,
        "is_removed": false
    }
},
{
    "model": "django_comments.comment",
    "pk": 24,
    "fields": {
        "content_type": 24,
        "object_pk": "1",
        "site": 1,
        "user": 6,
        "user_name": "Amalia Ocean",
        "user_email": "amalia.ocean@example.com",
        "user_url": "",
        "comment": "Duis elementum erat erat, accumsan aliquam magna convallis id. Mauris placerat erat vel magna dictum, eget fringilla sem condimentum. Sed faucibus, mi sit amet euismod consectetur, nunc orci faucibus turpis, at bibendum neque ligula eget elit.",
        "submit_date": "2025-07-22T10:38:17.747Z",
        "ip_address": "127.0.0.1",
        "is_public": true,
        "is_removed": false
    }
},
{
    "model": "django_comments.comment",
    "pk": 25,
    "fields": {
        "content_type": 24,
        "object_pk": "1",
        "site": 1,
        "user": 10,
        "user_name": "David Fields",
        "user_email": "david.fields@example.com",
        "user_url": "",
        "comment": "Donec ante massa, gravida et magna vitae, mattis sodales augue. Nam in viverra enim. Nulla malesuada euismod congue. Phasellus nec condimentum lorem, vel semper libero.",
        "submit_date": "2025-07-22T10:39:13.230Z",
        "ip_address": "127.0.0.1",
        "is_public": true,
        "is_removed": false
    }
},
{
    "model": "django_comments.comment",
    "pk": 26,
    "fields": {
        "content_type": 21,
        "object_pk": "1",
        "site": 1,
        "user": 5,
        "user_name": "Lena Rosenthal",
        "user_email": "lena.rosenthal@example.com",
        "user_url": "",
        "comment": "Praesent imperdiet vulputate purus at condimentum. Donec a turpis sit amet sem dapibus volutpat in nec mi. Aenean volutpat sodales mattis.",
        "submit_date": "2025-07-22T10:37:14.179Z",
        "ip_address": "127.0.0.1",
        "is_public": true,
        "is_removed": false
    }
},
{
    "model": "django_comments.comment",
    "pk": 27,
    "fields": {
        "content_type": 21,
        "object_pk": "1",
        "site": 1,
        "user": 6,
        "user_name": "Amalia Ocean",
        "user_email": "amalia.ocean@example.com",
        "user_url": "",
        "comment": "Duis elementum erat erat, accumsan aliquam magna convallis id. Mauris placerat erat vel magna dictum, eget fringilla sem condimentum. Sed faucibus, mi sit amet euismod consectetur, nunc orci faucibus turpis, at bibendum neque ligula eget elit.",
        "submit_date": "2025-07-22T10:38:17.747Z",
        "ip_address": "127.0.0.1",
        "is_public": true,
        "is_removed": false
    }
},
{
    "model": "django_comments.comment",
    "pk": 28,
    "fields": {
        "content_type": 21,
        "object_pk": "1",
        "site": 1,
        "user": 10,
        "user_name": "David Fields",
        "user_email": "david.fields@example.com",
        "user_url": "",
        "comment": "Donec ante massa, gravida et magna vitae, mattis sodales augue. Nam in viverra enim. Nulla malesuada euismod congue. Phasellus nec condimentum lorem, vel semper libero.",
        "submit_date": "2025-07-22T10:39:13.230Z",
        "ip_address": "127.0.0.1",
        "is_public": true,
        "is_removed": false
    }
},
{
    "model": "django_comments.comment",
    "pk": 29,
    "fields": {
        "content_type": 25,
        "object_pk": "1",
        "site": 1,
        "user": 5,
        "user_name": "Lena Rosenthal",
        "user_email": "lena.rosenthal@example.com",
        "user_url": "",
        "comment": "Praesent imperdiet vulputate purus at condimentum. Donec a turpis sit amet sem dapibus volutpat in nec mi. Aenean volutpat sodales mattis.",
        "submit_date": "2025-07-22T10:37:14.179Z",
        "ip_address": "127.0.0.1",
        "is_public": true,
        "is_removed": false
    }
},
{
    "model": "django_comments.comment",
    "pk": 30,
    "fields": {
        "content_type": 25,
        "object_pk": "1",
        "site": 1,
        "user": 6,
        "user_name": "Amalia Ocean",
        "user_email": "amalia.ocean@example.com",
        "user_url": "",
        "comment": "Duis elementum erat erat, accumsan aliquam magna convallis id. Mauris placerat erat vel magna dictum, eget fringilla sem condimentum. Sed faucibus, mi sit amet euismod consectetur, nunc orci faucibus turpis, at bibendum neque ligula eget elit.",
        "submit_date": "2025-07-22T10:38:17.747Z",
        "ip_address": "127.0.0.1",
        "is_public": true,
        "is_removed": false
    }
},
{
    "model": "django_comments.comment",
    "pk": 31,
    "fields": {
        "content_type": 25,
        "object_pk": "1",
        "site": 1,
        "user": 10,
        "user_name": "David Fields",
        "user_email": "david.fields@example.com",
        "user_url": "",
        "comment": "Donec ante massa, gravida et magna vitae, mattis sodales augue. Nam in viverra enim. Nulla malesuada euismod congue. Phasellus nec condimentum lorem, vel semper libero.",
        "submit_date": "2025-07-22T10:39:13.230Z",
        "ip_address": "127.0.0.1",
        "is_public": true,
        "is_removed": false
    }
},
{
    "model": "django_comments.comment",
    "pk": 32,
    "fields": {
        "content_type": 19,
        "object_pk": "2",
        "site": 1,
        "user": 7,
        "user_name": "Isabel Azul",
        "user_email": "isabel.azul@example.com",
        "user_url": "",
        "comment": "Sed sagittis aliquam orci. Morbi malesuada lacus id est volutpat fermentum. Aliquam erat volutpat. Ut quis turpis facilisis velit sollicitudin ultrices non sed turpis.",
        "submit_date": "2025-07-22T11:36:36.833Z",
        "ip_address": "127.0.0.1",
        "is_public": true,
        "is_removed": false
    }
},
{
    "model": "django_comments.comment",
    "pk": 33,
    "fields": {
        "content_type": 20,
        "object_pk": "1",
        "site": 1,
        "user": 7,
        "user_name": "Isabel Azul",
        "user_email": "isabel.azul@example.com",
        "user_url": "",
        "comment": "Sed sagittis aliquam orci. Morbi malesuada lacus id est volutpat fermentum. Aliquam erat volutpat. Ut quis turpis facilisis velit sollicitudin ultrices non sed turpis.",
        "submit_date": "2025-07-22T11:37:20.449Z",
        "ip_address": "127.0.0.1",
        "is_public": true,
        "is_removed": false
    }
},
{
    "model": "django_comments.comment",
    "pk": 34,
    "fields": {
        "content_type": 21,
        "object_pk": "1",
        "site": 1,
        "user": 7,
        "user_name": "Isabel Azul",
        "user_email": "isabel.azul@example.com",
        "user_url": "",
        "comment": "Sed sagittis aliquam orci. Morbi malesuada lacus id est volutpat fermentum. Aliquam erat volutpat. Ut quis turpis facilisis velit sollicitudin ultrices non sed turpis.",
        "submit_date": "2025-07-22T11:38:01.565Z",
        "ip_address": "127.0.0.1",
        "is_public": true,
        "is_removed": false
    }
},
{
    "model": "django_comments.comment",
    "pk": 35,
    "fields": {
        "content_type": 23,
        "object_pk": "2",
        "site": 1,
        "user": 7,
        "user_name": "Isabel Azul",
        "user_email": "isabel.azul@example.com",
        "user_url": "",
        "comment": "Sed sagittis aliquam orci. Morbi malesuada lacus id est volutpat fermentum. Aliquam erat volutpat. Ut quis turpis facilisis velit sollicitudin ultrices non sed turpis.",
        "submit_date": "2025-07-22T11:38:28.150Z",
        "ip_address": "127.0.0.1",
        "is_public": true,
        "is_removed": false
    }
},
{
    "model": "django_comments.comment",
    "pk": 36,
    "fields": {
        "content_type": 24,
        "object_pk": "1",
        "site": 1,
        "user": 7,
        "user_name": "Isabel Azul",
        "user_email": "isabel.azul@example.com",
        "user_url": "",
        "comment": "Sed sagittis aliquam orci. Morbi malesuada lacus id est volutpat fermentum. Aliquam erat volutpat. Ut quis turpis facilisis velit sollicitudin ultrices non sed turpis.",
        "submit_date": "2025-07-22T11:38:40.799Z",
        "ip_address": "127.0.0.1",
        "is_public": true,
        "is_removed": false
    }
},
{
    "model": "django_comments.comment",
    "pk": 37,
    "fields": {
        "content_type": 25,
        "object_pk": "1",
        "site": 1,
        "user": 7,
        "user_name": "Isabel Azul",
        "user_email": "isabel.azul@example.com",
        "user_url": "",
        "comment": "Sed sagittis aliquam orci. Morbi malesuada lacus id est volutpat fermentum. Aliquam erat volutpat. Ut quis turpis facilisis velit sollicitudin ultrices non sed turpis.",
        "submit_date": "2025-07-22T11:38:55.398Z",
        "ip_address": "127.0.0.1",
        "is_public": true,
        "is_removed": false
    }
},
{
    "model": "django_comments.comment",
    "pk": 40,
    "fields": {
        "content_type": 19,
        "object_pk": "2",
        "site": 1,
        "user": 22,
        "user_name": "Rania Mackie",
        "user_email": "rania.mackie@example.com",
        "user_url": "",
        "comment": "Praesent mollis nunc accumsan malesuada iaculis. Suspendisse potenti. Vestibulum vitae nisi neque. Nunc nec varius nunc. Quisque eget nunc tortor. Vestibulum id diam ac arcu condimentum finibus quis vel elit.",
        "submit_date": "2025-07-22T14:32:42.582Z",
        "ip_address": "127.0.0.1",
        "is_public": true,
        "is_removed": false
    }
},
{
    "model": "django_comments.comment",
    "pk": 41,
    "fields": {
        "content_type": 23,
        "object_pk": "2",
        "site": 1,
        "user": 22,
        "user_name": "Rania Mackie",
        "user_email": "rania.mackie@example.com",
        "user_url": "",
        "comment": "Praesent mollis nunc accumsan malesuada iaculis. Suspendisse potenti. Vestibulum vitae nisi neque. Nunc nec varius nunc. Quisque eget nunc tortor. Vestibulum id diam ac arcu condimentum finibus quis vel elit.",
        "submit_date": "2025-07-22T14:33:15.235Z",
        "ip_address": "127.0.0.1",
        "is_public": true,
        "is_removed": false
    }
},
{
    "model": "django_comments.comment",
    "pk": 42,
    "fields": {
        "content_type": 20,
        "object_pk": "1",
        "site": 1,
        "user": 22,
        "user_name": "Rania Mackie",
        "user_email": "rania.mackie@example.com",
        "user_url": "",
        "comment": "Praesent mollis nunc accumsan malesuada iaculis. Suspendisse potenti. Vestibulum vitae nisi neque. Nunc nec varius nunc. Quisque eget nunc tortor. Vestibulum id diam ac arcu condimentum finibus quis vel elit.",
        "submit_date": "2025-07-22T14:33:28.011Z",
        "ip_address": "127.0.0.1",
        "is_public": true,
        "is_removed": false
    }
},
{
    "model": "django_comments.comment",
    "pk": 43,
    "fields": {
        "content_type": 24,
        "object_pk": "1",
        "site": 1,
        "user": 22,
        "user_name": "Rania Mackie",
        "user_email": "rania.mackie@example.com",
        "user_url": "",
        "comment": "Praesent mollis nunc accumsan malesuada iaculis. Suspendisse potenti. Vestibulum vitae nisi neque. Nunc nec varius nunc. Quisque eget nunc tortor. Vestibulum id diam ac arcu condimentum finibus quis vel elit.",
        "submit_date": "2025-07-22T14:33:42.253Z",
        "ip_address": "127.0.0.1",
        "is_public": true,
        "is_removed": false
    }
},
{
    "model": "django_comments.comment",
    "pk": 44,
    "fields": {
        "content_type": 21,
        "object_pk": "1",
        "site": 1,
        "user": 22,
        "user_name": "Rania Mackie",
        "user_email": "rania.mackie@example.com",
        "user_url": "",
        "comment": "Praesent mollis nunc accumsan malesuada iaculis. Suspendisse potenti. Vestibulum vitae nisi neque. Nunc nec varius nunc. Quisque eget nunc tortor. Vestibulum id diam ac arcu condimentum finibus quis vel elit.",
        "submit_date": "2025-07-22T14:33:52.586Z",
        "ip_address": "127.0.0.1",
        "is_public": true,
        "is_removed": false
    }
},
{
    "model": "django_comments.comment",
    "pk": 45,
    "fields": {
        "content_type": 25,
        "object_pk": "1",
        "site": 1,
        "user": 22,
        "user_name": "Rania Mackie",
        "user_email": "rania.mackie@example.com",
        "user_url": "",
        "comment": "Praesent mollis nunc accumsan malesuada iaculis. Suspendisse potenti. Vestibulum vitae nisi neque. Nunc nec varius nunc. Quisque eget nunc tortor. Vestibulum id diam ac arcu condimentum finibus quis vel elit.",
        "submit_date": "2025-07-22T14:34:05.839Z",
        "ip_address": "127.0.0.1",
        "is_public": true,
        "is_removed": false
    }
},
{
    "model": "django_comments.comment",
    "pk": 46,
    "fields": {
        "content_type": 19,
        "object_pk": "2",
        "site": 1,
        "user": 96,
        "user_name": "Torin Zamora",
        "user_email": "torin.zamora@example.com",
        "user_url": "",
        "comment": "Nunc tristique consequat odio et cursus. Donec vulputate cursus lectus, eu elementum purus sollicitudin a. Donec vestibulum vestibulum turpis et blandit. Proin pellentesque diam quis dolor lobortis molestie.",
        "submit_date": "2025-07-22T14:36:24.106Z",
        "ip_address": "127.0.0.1",
        "is_public": true,
        "is_removed": false
    }
},
{
    "model": "django_comments.comment",
    "pk": 47,
    "fields": {
        "content_type": 23,
        "object_pk": "2",
        "site": 1,
        "user": 96,
        "user_name": "Torin Zamora",
        "user_email": "torin.zamora@example.com",
        "user_url": "",
        "comment": "Nunc tristique consequat odio et cursus. Donec vulputate cursus lectus, eu elementum purus sollicitudin a. Donec vestibulum vestibulum turpis et blandit. Proin pellentesque diam quis dolor lobortis molestie.",
        "submit_date": "2025-07-22T14:36:41.081Z",
        "ip_address": "127.0.0.1",
        "is_public": true,
        "is_removed": false
    }
},
{
    "model": "django_comments.comment",
    "pk": 48,
    "fields": {
        "content_type": 20,
        "object_pk": "1",
        "site": 1,
        "user": 96,
        "user_name": "Torin Zamora",
        "user_email": "torin.zamora@example.com",
        "user_url": "",
        "comment": "Nunc tristique consequat odio et cursus. Donec vulputate cursus lectus, eu elementum purus sollicitudin a. Donec vestibulum vestibulum turpis et blandit. Proin pellentesque diam quis dolor lobortis molestie.",
        "submit_date": "2025-07-22T14:37:01.462Z",
        "ip_address": "127.0.0.1",
        "is_public": true,
        "is_removed": false
    }
},
{
    "model": "django_comments.comment",
    "pk": 49,
    "fields": {
        "content_type": 24,
        "object_pk": "1",
        "site": 1,
        "user": 96,
        "user_name": "Torin Zamora",
        "user_email": "torin.zamora@example.com",
        "user_url": "",
        "comment": "Nunc tristique consequat odio et cursus. Donec vulputate cursus lectus, eu elementum purus sollicitudin a. Donec vestibulum vestibulum turpis et blandit. Proin pellentesque diam quis dolor lobortis molestie.",
        "submit_date": "2025-07-22T14:37:14.945Z",
        "ip_address": "127.0.0.1",
        "is_public": true,
        "is_removed": false
    }
},
{
    "model": "django_comments.comment",
    "pk": 50,
    "fields": {
        "content_type": 21,
        "object_pk": "1",
        "site": 1,
        "user": 96,
        "user_name": "Torin Zamora",
        "user_email": "torin.zamora@example.com",
        "user_url": "",
        "comment": "Nunc tristique consequat odio et cursus. Donec vulputate cursus lectus, eu elementum purus sollicitudin a. Donec vestibulum vestibulum turpis et blandit. Proin pellentesque diam quis dolor lobortis molestie.",
        "submit_date": "2025-07-22T14:37:25.581Z",
        "ip_address": "127.0.0.1",
        "is_public": true,
        "is_removed": false
    }
},
{
    "model": "django_comments.comment",
    "pk": 51,
    "fields": {
        "content_type": 25,
        "object_pk": "1",
        "site": 1,
        "user": 96,
        "user_name": "Torin Zamora",
        "user_email": "torin.zamora@example.com",
        "user_url": "",
        "comment": "Nunc tristique consequat odio et cursus. Donec vulputate cursus lectus, eu elementum purus sollicitudin a. Donec vestibulum vestibulum turpis et blandit. Proin pellentesque diam quis dolor lobortis molestie.",
        "submit_date": "2025-07-22T14:37:37.536Z",
        "ip_address": "127.0.0.1",
        "is_public": true,
        "is_removed": false
    }
},
{
    "model": "django_comments.comment",
    "pk": 52,
    "fields": {
        "content_type": 20,
        "object_pk": "1",
        "site": 1,
        "user": 40,
        "user_name": "Caroline Pitts",
        "user_email": "caroline.pitts@example.com",
        "user_url": "",
        "comment": "Nulla porta feugiat urna, nec sodales nisi pellentesque a. Praesent consectetur mollis felis non mattis.",
        "submit_date": "2025-07-22T14:40:08.238Z",
        "ip_address": "127.0.0.1",
        "is_public": true,
        "is_removed": false
    }
},
{
    "model": "django_comments.comment",
    "pk": 53,
    "fields": {
        "content_type": 24,
        "object_pk": "1",
        "site": 1,
        "user": 40,
        "user_name": "Caroline Pitts",
        "user_email": "caroline.pitts@example.com",
        "user_url": "",
        "comment": "Nulla porta feugiat urna, nec sodales nisi pellentesque a. Praesent consectetur mollis felis non mattis.",
        "submit_date": "2025-07-22T14:40:36.818Z",
        "ip_address": "127.0.0.1",
        "is_public": true,
        "is_removed": false
    }
},
{
    "model": "django_comments.comment",
    "pk": 54,
    "fields": {
        "content_type": 21,
        "object_pk": "1",
        "site": 1,
        "user": 40,
        "user_name": "Caroline Pitts",
        "user_email": "caroline.pitts@example.com",
        "user_url": "",
        "comment": "Nulla porta feugiat urna, nec sodales nisi pellentesque a. Praesent consectetur mollis felis non mattis.",
        "submit_date": "2025-07-22T14:40:48.443Z",
        "ip_address": "127.0.0.1",
        "is_public": true,
        "is_removed": false
    }
},
{
    "model": "django_comments.comment",
    "pk": 55,
    "fields": {
        "content_type": 25,
        "object_pk": "1",
        "site": 1,
        "user": 40,
        "user_name": "Caroline Pitts",
        "user_email": "caroline.pitts@example.com",
        "user_url": "",
        "comment": "Nulla porta feugiat urna, nec sodales nisi pellentesque a. Praesent consectetur mollis felis non mattis.",
        "submit_date": "2025-07-22T14:40:59.542Z",
        "ip_address": "127.0.0.1",
        "is_public": true,
        "is_removed": false
    }
},
{
    "model": "django_comments.comment",
    "pk": 56,
    "fields": {
        "content_type": 20,
        "object_pk": "1",
        "site": 1,
        "user": 29,
        "user_name": "Tianna Mora",
        "user_email": "tianna.mora@example.com",
        "user_url": "",
        "comment": "Mauris ut sodales odio. Aliquam interdum mattis ipsum, sit amet imperdiet ex dictum ut. Nam tempus magna nisi, eu condimentum ipsum tempus sed. Suspendisse sed laoreet nisi, posuere elementum nunc.",
        "submit_date": "2025-07-22T14:43:10.850Z",
        "ip_address": "127.0.0.1",
        "is_public": true,
        "is_removed": false
    }
},
{
    "model": "django_comments.comment",
    "pk": 57,
    "fields": {
        "content_type": 24,
        "object_pk": "1",
        "site": 1,
        "user": 29,
        "user_name": "Tianna Mora",
        "user_email": "tianna.mora@example.com",
        "user_url": "",
        "comment": "Mauris ut sodales odio. Aliquam interdum mattis ipsum, sit amet imperdiet ex dictum ut. Nam tempus magna nisi, eu condimentum ipsum tempus sed. Suspendisse sed laoreet nisi, posuere elementum nunc.",
        "submit_date": "2025-07-22T14:43:37.179Z",
        "ip_address": "127.0.0.1",
        "is_public": true,
        "is_removed": false
    }
},
{
    "model": "django_comments.comment",
    "pk": 58,
    "fields": {
        "content_type": 21,
        "object_pk": "1",
        "site": 1,
        "user": 29,
        "user_name": "Tianna Mora",
        "user_email": "tianna.mora@example.com",
        "user_url": "",
        "comment": "Mauris ut sodales odio. Aliquam interdum mattis ipsum, sit amet imperdiet ex dictum ut. Nam tempus magna nisi, eu condimentum ipsum tempus sed. Suspendisse sed laoreet nisi, posuere elementum nunc.",
        "submit_date": "2025-07-22T14:43:52.793Z",
        "ip_address": "127.0.0.1",
        "is_public": true,
        "is_removed": false
    }
},
{
    "model": "django_comments.comment",
    "pk": 59,
    "fields": {
        "content_type": 25,
        "object_pk": "1",
        "site": 1,
        "user": 29,
        "user_name": "Tianna Mora",
        "user_email": "tianna.mora@example.com",
        "user_url": "",
        "comment": "Mauris ut sodales odio. Aliquam interdum mattis ipsum, sit amet imperdiet ex dictum ut. Nam tempus magna nisi, eu condimentum ipsum tempus sed. Suspendisse sed laoreet nisi, posuere elementum nunc.",
        "submit_date": "2025-07-22T14:44:04.942Z",
        "ip_address": "127.0.0.1",
        "is_public": true,
        "is_removed": false
    }
},
{
    "model": "django_comments.comment",
    "pk": 60,
    "fields": {
        "content_type": 21,
        "object_pk": "1",
        "site": 1,
        "user": 65,
        "user_name": "Nikhil Thorpe",
        "user_email": "nikhil.thorpe@example.com",
        "user_url": "",
        "comment": "Fusce non justo non felis molestie condimentum vel quis ligula. Sed pretium gravida nisl sit amet feugiat. Sed at enim ac mi condimentum vestibulum sed id neque.",
        "submit_date": "2025-07-22T14:45:48.174Z",
        "ip_address": "127.0.0.1",
        "is_public": true,
        "is_removed": false
    }
},
{
    "model": "django_comments.comment",
    "pk": 61,
    "fields": {
        "content_type": 25,
        "object_pk": "1",
        "site": 1,
        "user": 65,
        "user_name": "Nikhil Thorpe",
        "user_email": "nikhil.thorpe@example.com",
        "user_url": "",
        "comment": "Fusce non justo non felis molestie condimentum vel quis ligula. Sed pretium gravida nisl sit amet feugiat. Sed at enim ac mi condimentum vestibulum sed id neque.",
        "submit_date": "2025-07-22T14:46:03.204Z",
        "ip_address": "127.0.0.1",
        "is_public": true,
        "is_removed": false
    }
},
{
    "model": "django_comments.comment",
    "pk": 62,
    "fields": {
        "content_type": 21,
        "object_pk": "1",
        "site": 1,
        "user": 47,
        "user_name": "Amy Goodman",
        "user_email": "amy.goodman@example.com",
        "user_url": "",
        "comment": "Curabitur vel felis quis mi mollis elementum nec vitae nibh. Nunc ante ex, commodo et luctus sed, accumsan nec est. Integer mattis felis eros, quis elementum tellus laoreet vitae.",
        "submit_date": "2025-07-22T14:47:37.521Z",
        "ip_address": "127.0.0.1",
        "is_public": true,
        "is_removed": false
    }
},
{
    "model": "django_comments.comment",
    "pk": 63,
    "fields": {
        "content_type": 25,
        "object_pk": "1",
        "site": 1,
        "user": 47,
        "user_name": "Amy Goodman",
        "user_email": "amy.goodman@example.com",
        "user_url": "",
        "comment": "Curabitur vel felis quis mi mollis elementum nec vitae nibh. Nunc ante ex, commodo et luctus sed, accumsan nec est. Integer mattis felis eros, quis elementum tellus laoreet vitae.",
        "submit_date": "2025-07-22T14:47:49.669Z",
        "ip_address": "127.0.0.1",
        "is_public": true,
        "is_removed": false
    }
},
{
    "model": "django_comments.comment",
    "pk": 64,
    "fields": {
        "content_type": 26,
        "object_pk": "1",
        "site": 1,
        "user": 55,
        "user_name": "Jodie Decker",
        "user_email": "jodie.decker@example.com",
        "user_url": "",
        "comment": "Suspendisse euismod massa sed purus bibendum mollis. Vestibulum ante ipsum primis in faucibus orci luctus et ultrices posuere cubilia curae; In porttitor gravida felis, sed convallis diam congue eu. Aliquam fermentum ac nulla ornare rhoncus. Nunc laoreet pellentesque augue, quis tempus massa volutpat eget.",
        "submit_date": "2025-08-06T06:41:24.114Z",
        "ip_address": "127.0.0.1",
        "is_public": true,
        "is_removed": false
    }
},
{
    "model": "django_comments.comment",
    "pk": 65,
    "fields": {
        "content_type": 26,
        "object_pk": "2",
        "site": 1,
        "user": 5,
        "user_name": "Lena Rosenthal",
        "user_email": "lena.rosenthal@example.com",
        "user_url": "",
        "comment": "Praesent imperdiet vulputate purus at condimentum. Donec a turpis sit amet sem dapibus volutpat in nec mi. Aenean volutpat sodales mattis.",
        "submit_date": "2025-08-08T07:04:07.218Z",
        "ip_address": "127.0.0.1",
        "is_public": true,
        "is_removed": false
    }
},
{
    "model": "django_comments.comment",
    "pk": 66,
    "fields": {
        "content_type": 26,
        "object_pk": "2",
        "site": 1,
        "user": 6,
        "user_name": "Amalia Ocean",
        "user_email": "amalia.ocean@example.com",
        "user_url": "",
        "comment": "Duis elementum erat erat, accumsan aliquam magna convallis id. Mauris placerat erat vel magna dictum, eget fringilla sem condimentum. Sed faucibus, mi sit amet euismod consectetur, nunc orci faucibus turpis, at bibendum neque ligula eget elit.",
        "submit_date": "2025-08-08T07:05:39.486Z",
        "ip_address": "127.0.0.1",
        "is_public": true,
        "is_removed": false
    }
},
{
    "model": "django_comments.comment",
    "pk": 67,
    "fields": {
        "content_type": 26,
        "object_pk": "2",
        "site": 1,
        "user": 10,
        "user_name": "David Fields",
        "user_email": "david.fields@example.com",
        "user_url": "",
        "comment": "Donec ante massa, gravida et magna vitae, mattis sodales augue. Nam in viverra enim. Nulla malesuada euismod congue. Phasellus nec condimentum lorem, vel semper libero.",
        "submit_date": "2025-08-08T07:06:35.038Z",
        "ip_address": "127.0.0.1",
        "is_public": true,
        "is_removed": false
    }
},
{
    "model": "django_comments.comment",
    "pk": 68,
    "fields": {
        "content_type": 27,
        "object_pk": "1",
        "site": 1,
        "user": 5,
        "user_name": "Lena Rosenthal",
        "user_email": "lena.rosenthal@example.com",
        "user_url": "",
        "comment": "Praesent imperdiet vulputate purus at condimentum. Donec a turpis sit amet sem dapibus volutpat in nec mi. Aenean volutpat sodales mattis.",
        "submit_date": "2025-08-24T09:04:33.797Z",
        "ip_address": "127.0.0.1",
        "is_public": true,
        "is_removed": false
    }
},
{
    "model": "django_comments.comment",
    "pk": 69,
    "fields": {
        "content_type": 27,
        "object_pk": "1",
        "site": 1,
        "user": 7,
        "user_name": "Isabel Azul",
        "user_email": "isabel.azul@example.com",
        "user_url": "",
        "comment": "Sed sagittis aliquam orci. Morbi malesuada lacus id est volutpat fermentum. Aliquam erat volutpat. Ut quis turpis facilisis velit sollicitudin ultrices non sed turpis.",
        "submit_date": "2025-08-26T15:09:04.899Z",
        "ip_address": "127.0.0.1",
        "is_public": true,
        "is_removed": false
    }
},
{
    "model": "django_comments.comment",
    "pk": 70,
    "fields": {
        "content_type": 27,
        "object_pk": "1",
        "site": 1,
        "user": 6,
        "user_name": "Amalia Ocean",
        "user_email": "amalia.ocean@example.com",
        "user_url": "",
        "comment": "Duis elementum erat erat, accumsan aliquam magna convallis id. Mauris placerat erat vel magna dictum, eget fringilla sem condimentum. Sed faucibus, mi sit amet euismod consectetur, nunc orci faucibus turpis, at bibendum neque ligula eget elit.",
        "submit_date": "2025-08-26T15:16:48.160Z",
        "ip_address": "127.0.0.1",
        "is_public": true,
        "is_removed": false
    }
},
{
    "model": "django_comments.comment",
    "pk": 71,
    "fields": {
        "content_type": 27,
        "object_pk": "1",
        "site": 1,
        "user": 10,
        "user_name": "David Fields",
        "user_email": "david.fields@example.com",
        "user_url": "",
        "comment": "Donec ante massa, gravida et magna vitae, mattis sodales augue. Nam in viverra enim. Nulla malesuada euismod congue. Phasellus nec condimentum lorem, vel semper libero.",
        "submit_date": "2025-08-26T15:17:37.591Z",
        "ip_address": "127.0.0.1",
        "is_public": true,
        "is_removed": false
    }
},
{
    "model": "django_comments.comment",
    "pk": 72,
    "fields": {
        "content_type": 27,
        "object_pk": "1",
        "site": 1,
        "user": 22,
        "user_name": "Rania Mackie",
        "user_email": "rania.mackie@example.com",
        "user_url": "",
        "comment": "Praesent mollis nunc accumsan malesuada iaculis. Suspendisse potenti. Vestibulum vitae nisi neque. Nunc nec varius nunc. Quisque eget nunc tortor. Vestibulum id diam ac arcu condimentum finibus quis vel elit.",
        "submit_date": "2025-08-26T15:18:22.726Z",
        "ip_address": "127.0.0.1",
        "is_public": true,
        "is_removed": false
    }
},
{
    "model": "django_comments.comment",
    "pk": 73,
    "fields": {
        "content_type": 27,
        "object_pk": "1",
        "site": 1,
        "user": 96,
        "user_name": "Torin Zamora",
        "user_email": "torin.zamora@example.com",
        "user_url": "",
        "comment": "Nunc tristique consequat odio et cursus. Donec vulputate cursus lectus, eu elementum purus sollicitudin a. Donec vestibulum vestibulum turpis et blandit. Proin pellentesque diam quis dolor lobortis molestie.",
        "submit_date": "2025-08-26T15:19:33.140Z",
        "ip_address": "127.0.0.1",
        "is_public": true,
        "is_removed": false
    }
},
{
    "model": "django_comments_xtd.commentthread",
    "pk": 1,
    "fields": {
        "score": 0
    }
},
{
    "model": "django_comments_xtd.commentthread",
    "pk": 2,
    "fields": {
        "score": 0
    }
},
{
    "model": "django_comments_xtd.commentthread",
    "pk": 3,
    "fields": {
        "score": 0
    }
},
{
    "model": "django_comments_xtd.commentthread",
    "pk": 4,
    "fields": {
        "score": 0
    }
},
{
    "model": "django_comments_xtd.commentthread",
    "pk": 5,
    "fields": {
        "score": 0
    }
},
{
    "model": "django_comments_xtd.commentthread",
    "pk": 6,
    "fields": {
        "score": 0
    }
},
{
    "model": "django_comments_xtd.commentthread",
    "pk": 7,
    "fields": {
        "score": 0
    }
},
{
    "model": "django_comments_xtd.commentthread",
    "pk": 8,
    "fields": {
        "score": 0
    }
},
{
    "model": "django_comments_xtd.commentthread",
    "pk": 9,
    "fields": {
        "score": 0
    }
},
{
    "model": "django_comments_xtd.commentthread",
    "pk": 10,
    "fields": {
        "score": 0
    }
},
{
    "model": "django_comments_xtd.commentthread",
    "pk": 11,
    "fields": {
        "score": 0
    }
},
{
    "model": "django_comments_xtd.commentthread",
    "pk": 12,
    "fields": {
        "score": 0
    }
},
{
    "model": "django_comments_xtd.commentthread",
    "pk": 13,
    "fields": {
        "score": 0
    }
},
{
    "model": "django_comments_xtd.commentthread",
    "pk": 14,
    "fields": {
        "score": 0
    }
},
{
    "model": "django_comments_xtd.commentthread",
    "pk": 15,
    "fields": {
        "score": 0
    }
},
{
    "model": "django_comments_xtd.commentthread",
    "pk": 16,
    "fields": {
        "score": 0
    }
},
{
    "model": "django_comments_xtd.commentthread",
    "pk": 17,
    "fields": {
        "score": 0
    }
},
{
    "model": "django_comments_xtd.commentthread",
    "pk": 18,
    "fields": {
        "score": 0
    }
},
{
    "model": "django_comments_xtd.commentthread",
    "pk": 19,
    "fields": {
        "score": 0
    }
},
{
    "model": "django_comments_xtd.commentthread",
    "pk": 20,
    "fields": {
        "score": 0
    }
},
{
    "model": "django_comments_xtd.commentthread",
    "pk": 21,
    "fields": {
        "score": 0
    }
},
{
    "model": "django_comments_xtd.commentthread",
    "pk": 22,
    "fields": {
        "score": 0
    }
},
{
    "model": "django_comments_xtd.commentthread",
    "pk": 23,
    "fields": {
        "score": 0
    }
},
{
    "model": "django_comments_xtd.commentthread",
    "pk": 24,
    "fields": {
        "score": 0
    }
},
{
    "model": "django_comments_xtd.commentthread",
    "pk": 25,
    "fields": {
        "score": 0
    }
},
{
    "model": "django_comments_xtd.commentthread",
    "pk": 26,
    "fields": {
        "score": 0
    }
},
{
    "model": "django_comments_xtd.commentthread",
    "pk": 27,
    "fields": {
        "score": 0
    }
},
{
    "model": "django_comments_xtd.commentthread",
    "pk": 28,
    "fields": {
        "score": 0
    }
},
{
    "model": "django_comments_xtd.commentthread",
    "pk": 29,
    "fields": {
        "score": 0
    }
},
{
    "model": "django_comments_xtd.commentthread",
    "pk": 30,
    "fields": {
        "score": 0
    }
},
{
    "model": "django_comments_xtd.commentthread",
    "pk": 31,
    "fields": {
        "score": 0
    }
},
{
    "model": "django_comments_xtd.commentthread",
    "pk": 38,
    "fields": {
        "score": 0
    }
},
{
    "model": "django_comments_xtd.commentthread",
    "pk": 64,
    "fields": {
        "score": 0
    }
},
{
    "model": "django_comments_xtd.commentthread",
    "pk": 65,
    "fields": {
        "score": 0
    }
},
{
    "model": "django_comments_xtd.commentthread",
    "pk": 66,
    "fields": {
        "score": 0
    }
},
{
    "model": "django_comments_xtd.commentthread",
    "pk": 67,
    "fields": {
        "score": 0
    }
},
{
    "model": "django_comments_xtd.commentthread",
    "pk": 68,
    "fields": {
        "score": 0
    }
},
{
    "model": "django_comments_xtd.commentthread",
    "pk": 70,
    "fields": {
        "score": 0
    }
},
{
    "model": "django_comments_xtd.commentthread",
    "pk": 71,
    "fields": {
        "score": 0
    }
},
{
    "model": "django_comments_xtd.xtdcomment",
    "pk": 1,
    "fields": {
        "thread": 1,
        "parent_id": 1,
        "level": 0,
        "order": 1,
        "followup": false,
        "nested_count": 0
    }
},
{
    "model": "django_comments_xtd.xtdcomment",
    "pk": 2,
    "fields": {
        "thread": 2,
        "parent_id": 2,
        "level": 0,
        "order": 1,
        "followup": false,
        "nested_count": 0
    }
},
{
    "model": "django_comments_xtd.xtdcomment",
    "pk": 3,
    "fields": {
        "thread": 3,
        "parent_id": 3,
        "level": 0,
        "order": 1,
        "followup": false,
        "nested_count": 0
    }
},
{
    "model": "django_comments_xtd.xtdcomment",
    "pk": 4,
    "fields": {
        "thread": 4,
        "parent_id": 4,
        "level": 0,
        "order": 1,
        "followup": false,
        "nested_count": 0
    }
},
{
    "model": "django_comments_xtd.xtdcomment",
    "pk": 5,
    "fields": {
        "thread": 5,
        "parent_id": 5,
        "level": 0,
        "order": 1,
        "followup": false,
        "nested_count": 0
    }
},
{
    "model": "django_comments_xtd.xtdcomment",
    "pk": 6,
    "fields": {
        "thread": 6,
        "parent_id": 6,
        "level": 0,
        "order": 1,
        "followup": false,
        "nested_count": 0
    }
},
{
    "model": "django_comments_xtd.xtdcomment",
    "pk": 7,
    "fields": {
        "thread": 7,
        "parent_id": 7,
        "level": 0,
        "order": 1,
        "followup": false,
        "nested_count": 0
    }
},
{
    "model": "django_comments_xtd.xtdcomment",
    "pk": 8,
    "fields": {
        "thread": 8,
        "parent_id": 8,
        "level": 0,
        "order": 1,
        "followup": false,
        "nested_count": 0
    }
},
{
    "model": "django_comments_xtd.xtdcomment",
    "pk": 11,
    "fields": {
        "thread": 11,
        "parent_id": 11,
        "level": 0,
        "order": 1,
        "followup": false,
        "nested_count": 0
    }
},
{
    "model": "django_comments_xtd.xtdcomment",
    "pk": 14,
    "fields": {
        "thread": 14,
        "parent_id": 14,
        "level": 0,
        "order": 1,
        "followup": false,
        "nested_count": 1
    }
},
{
    "model": "django_comments_xtd.xtdcomment",
    "pk": 17,
    "fields": {
        "thread": 17,
        "parent_id": 17,
        "level": 0,
        "order": 1,
        "followup": false,
        "nested_count": 1
    }
},
{
    "model": "django_comments_xtd.xtdcomment",
    "pk": 20,
    "fields": {
        "thread": 20,
        "parent_id": 20,
        "level": 0,
        "order": 1,
        "followup": false,
        "nested_count": 1
    }
},
{
    "model": "django_comments_xtd.xtdcomment",
    "pk": 23,
    "fields": {
        "thread": 23,
        "parent_id": 23,
        "level": 0,
        "order": 1,
        "followup": false,
        "nested_count": 1
    }
},
{
    "model": "django_comments_xtd.xtdcomment",
    "pk": 26,
    "fields": {
        "thread": 26,
        "parent_id": 26,
        "level": 0,
        "order": 1,
        "followup": false,
        "nested_count": 1
    }
},
{
    "model": "django_comments_xtd.xtdcomment",
    "pk": 29,
    "fields": {
        "thread": 29,
        "parent_id": 29,
        "level": 0,
        "order": 1,
        "followup": false,
        "nested_count": 1
    }
},
{
    "model": "django_comments_xtd.xtdcomment",
    "pk": 9,
    "fields": {
        "thread": 9,
        "parent_id": 9,
        "level": 0,
        "order": 1,
        "followup": false,
        "nested_count": 0
    }
},
{
    "model": "django_comments_xtd.xtdcomment",
    "pk": 12,
    "fields": {
        "thread": 12,
        "parent_id": 12,
        "level": 0,
        "order": 1,
        "followup": false,
        "nested_count": 0
    }
},
{
    "model": "django_comments_xtd.xtdcomment",
    "pk": 15,
    "fields": {
        "thread": 15,
        "parent_id": 15,
        "level": 0,
        "order": 1,
        "followup": false,
        "nested_count": 0
    }
},
{
    "model": "django_comments_xtd.xtdcomment",
    "pk": 18,
    "fields": {
        "thread": 18,
        "parent_id": 18,
        "level": 0,
        "order": 1,
        "followup": false,
        "nested_count": 0
    }
},
{
    "model": "django_comments_xtd.xtdcomment",
    "pk": 21,
    "fields": {
        "thread": 21,
        "parent_id": 21,
        "level": 0,
        "order": 1,
        "followup": false,
        "nested_count": 0
    }
},
{
    "model": "django_comments_xtd.xtdcomment",
    "pk": 24,
    "fields": {
        "thread": 24,
        "parent_id": 24,
        "level": 0,
        "order": 1,
        "followup": false,
        "nested_count": 0
    }
},
{
    "model": "django_comments_xtd.xtdcomment",
    "pk": 27,
    "fields": {
        "thread": 27,
        "parent_id": 27,
        "level": 0,
        "order": 1,
        "followup": false,
        "nested_count": 0
    }
},
{
    "model": "django_comments_xtd.xtdcomment",
    "pk": 30,
    "fields": {
        "thread": 30,
        "parent_id": 30,
        "level": 0,
        "order": 1,
        "followup": false,
        "nested_count": 0
    }
},
{
    "model": "django_comments_xtd.xtdcomment",
    "pk": 10,
    "fields": {
        "thread": 10,
        "parent_id": 10,
        "level": 0,
        "order": 1,
        "followup": false,
        "nested_count": 0
    }
},
{
    "model": "django_comments_xtd.xtdcomment",
    "pk": 13,
    "fields": {
        "thread": 13,
        "parent_id": 13,
        "level": 0,
        "order": 1,
        "followup": false,
        "nested_count": 0
    }
},
{
    "model": "django_comments_xtd.xtdcomment",
    "pk": 16,
    "fields": {
        "thread": 16,
        "parent_id": 16,
        "level": 0,
        "order": 1,
        "followup": false,
        "nested_count": 2
    }
},
{
    "model": "django_comments_xtd.xtdcomment",
    "pk": 19,
    "fields": {
        "thread": 19,
        "parent_id": 19,
        "level": 0,
        "order": 1,
        "followup": false,
        "nested_count": 2
    }
},
{
    "model": "django_comments_xtd.xtdcomment",
    "pk": 22,
    "fields": {
        "thread": 22,
        "parent_id": 22,
        "level": 0,
        "order": 1,
        "followup": false,
        "nested_count": 4
    }
},
{
    "model": "django_comments_xtd.xtdcomment",
    "pk": 25,
    "fields": {
        "thread": 25,
        "parent_id": 25,
        "level": 0,
        "order": 1,
        "followup": false,
        "nested_count": 4
    }
},
{
    "model": "django_comments_xtd.xtdcomment",
    "pk": 28,
    "fields": {
        "thread": 28,
        "parent_id": 28,
        "level": 0,
        "order": 1,
        "followup": false,
        "nested_count": 6
    }
},
{
    "model": "django_comments_xtd.xtdcomment",
    "pk": 31,
    "fields": {
        "thread": 31,
        "parent_id": 31,
        "level": 0,
        "order": 1,
        "followup": false,
        "nested_count": 6
    }
},
{
    "model": "django_comments_xtd.xtdcomment",
    "pk": 32,
    "fields": {
        "thread": 14,
        "parent_id": 14,
        "level": 1,
        "order": 2,
        "followup": false,
        "nested_count": 0
    }
},
{
    "model": "django_comments_xtd.xtdcomment",
    "pk": 33,
    "fields": {
        "thread": 20,
        "parent_id": 20,
        "level": 1,
        "order": 2,
        "followup": false,
        "nested_count": 0
    }
},
{
    "model": "django_comments_xtd.xtdcomment",
    "pk": 34,
    "fields": {
        "thread": 26,
        "parent_id": 26,
        "level": 1,
        "order": 2,
        "followup": false,
        "nested_count": 0
    }
},
{
    "model": "django_comments_xtd.xtdcomment",
    "pk": 35,
    "fields": {
        "thread": 17,
        "parent_id": 17,
        "level": 1,
        "order": 2,
        "followup": false,
        "nested_count": 0
    }
},
{
    "model": "django_comments_xtd.xtdcomment",
    "pk": 36,
    "fields": {
        "thread": 23,
        "parent_id": 23,
        "level": 1,
        "order": 2,
        "followup": false,
        "nested_count": 0
    }
},
{
    "model": "django_comments_xtd.xtdcomment",
    "pk": 37,
    "fields": {
        "thread": 29,
        "parent_id": 29,
        "level": 1,
        "order": 2,
        "followup": false,
        "nested_count": 0
    }
},
{
    "model": "django_comments_xtd.xtdcomment",
    "pk": 40,
    "fields": {
        "thread": 16,
        "parent_id": 16,
        "level": 1,
        "order": 2,
        "followup": false,
        "nested_count": 0
    }
},
{
    "model": "django_comments_xtd.xtdcomment",
    "pk": 41,
    "fields": {
        "thread": 19,
        "parent_id": 19,
        "level": 1,
        "order": 2,
        "followup": false,
        "nested_count": 0
    }
},
{
    "model": "django_comments_xtd.xtdcomment",
    "pk": 42,
    "fields": {
        "thread": 22,
        "parent_id": 22,
        "level": 1,
        "order": 2,
        "followup": false,
        "nested_count": 0
    }
},
{
    "model": "django_comments_xtd.xtdcomment",
    "pk": 43,
    "fields": {
        "thread": 25,
        "parent_id": 25,
        "level": 1,
        "order": 2,
        "followup": false,
        "nested_count": 0
    }
},
{
    "model": "django_comments_xtd.xtdcomment",
    "pk": 44,
    "fields": {
        "thread": 28,
        "parent_id": 28,
        "level": 1,
        "order": 2,
        "followup": false,
        "nested_count": 0
    }
},
{
    "model": "django_comments_xtd.xtdcomment",
    "pk": 45,
    "fields": {
        "thread": 31,
        "parent_id": 31,
        "level": 1,
        "order": 2,
        "followup": false,
        "nested_count": 0
    }
},
{
    "model": "django_comments_xtd.xtdcomment",
    "pk": 46,
    "fields": {
        "thread": 16,
        "parent_id": 16,
        "level": 1,
        "order": 3,
        "followup": false,
        "nested_count": 0
    }
},
{
    "model": "django_comments_xtd.xtdcomment",
    "pk": 47,
    "fields": {
        "thread": 19,
        "parent_id": 19,
        "level": 1,
        "order": 3,
        "followup": false,
        "nested_count": 0
    }
},
{
    "model": "django_comments_xtd.xtdcomment",
    "pk": 48,
    "fields": {
        "thread": 22,
        "parent_id": 22,
        "level": 1,
        "order": 3,
        "followup": false,
        "nested_count": 2
    }
},
{
    "model": "django_comments_xtd.xtdcomment",
    "pk": 49,
    "fields": {
        "thread": 25,
        "parent_id": 25,
        "level": 1,
        "order": 3,
        "followup": false,
        "nested_count": 2
    }
},
{
    "model": "django_comments_xtd.xtdcomment",
    "pk": 50,
    "fields": {
        "thread": 28,
        "parent_id": 28,
        "level": 1,
        "order": 3,
        "followup": false,
        "nested_count": 4
    }
},
{
    "model": "django_comments_xtd.xtdcomment",
    "pk": 51,
    "fields": {
        "thread": 31,
        "parent_id": 31,
        "level": 1,
        "order": 3,
        "followup": false,
        "nested_count": 4
    }
},
{
    "model": "django_comments_xtd.xtdcomment",
    "pk": 52,
    "fields": {
        "thread": 22,
        "parent_id": 48,
        "level": 2,
        "order": 4,
        "followup": false,
        "nested_count": 0
    }
},
{
    "model": "django_comments_xtd.xtdcomment",
    "pk": 53,
    "fields": {
        "thread": 25,
        "parent_id": 49,
        "level": 2,
        "order": 4,
        "followup": false,
        "nested_count": 0
    }
},
{
    "model": "django_comments_xtd.xtdcomment",
    "pk": 54,
    "fields": {
        "thread": 28,
        "parent_id": 50,
        "level": 2,
        "order": 4,
        "followup": false,
        "nested_count": 2
    }
},
{
    "model": "django_comments_xtd.xtdcomment",
    "pk": 55,
    "fields": {
        "thread": 31,
        "parent_id": 51,
        "level": 2,
        "order": 4,
        "followup": false,
        "nested_count": 2
    }
},
{
    "model": "django_comments_xtd.xtdcomment",
    "pk": 56,
    "fields": {
        "thread": 22,
        "parent_id": 48,
        "level": 2,
        "order": 5,
        "followup": false,
        "nested_count": 0
    }
},
{
    "model": "django_comments_xtd.xtdcomment",
    "pk": 57,
    "fields": {
        "thread": 25,
        "parent_id": 49,
        "level": 2,
        "order": 5,
        "followup": false,
        "nested_count": 0
    }
},
{
    "model": "django_comments_xtd.xtdcomment",
    "pk": 58,
    "fields": {
        "thread": 28,
        "parent_id": 50,
        "level": 2,
        "order": 7,
        "followup": false,
        "nested_count": 0
    }
},
{
    "model": "django_comments_xtd.xtdcomment",
    "pk": 59,
    "fields": {
        "thread": 31,
        "parent_id": 51,
        "level": 2,
        "order": 7,
        "followup": false,
        "nested_count": 0
    }
},
{
    "model": "django_comments_xtd.xtdcomment",
    "pk": 60,
    "fields": {
        "thread": 28,
        "parent_id": 54,
        "level": 3,
        "order": 5,
        "followup": false,
        "nested_count": 0
    }
},
{
    "model": "django_comments_xtd.xtdcomment",
    "pk": 61,
    "fields": {
        "thread": 31,
        "parent_id": 55,
        "level": 3,
        "order": 5,
        "followup": false,
        "nested_count": 0
    }
},
{
    "model": "django_comments_xtd.xtdcomment",
    "pk": 62,
    "fields": {
        "thread": 28,
        "parent_id": 54,
        "level": 3,
        "order": 6,
        "followup": false,
        "nested_count": 0
    }
},
{
    "model": "django_comments_xtd.xtdcomment",
    "pk": 63,
    "fields": {
        "thread": 31,
        "parent_id": 55,
        "level": 3,
        "order": 6,
        "followup": false,
        "nested_count": 0
    }
},
{
    "model": "django_comments_xtd.xtdcomment",
    "pk": 64,
    "fields": {
        "thread": 64,
        "parent_id": 64,
        "level": 0,
        "order": 1,
        "followup": false,
        "nested_count": 0
    }
},
{
    "model": "django_comments_xtd.xtdcomment",
    "pk": 65,
    "fields": {
        "thread": 65,
        "parent_id": 65,
        "level": 0,
        "order": 1,
        "followup": false,
        "nested_count": 0
    }
},
{
    "model": "django_comments_xtd.xtdcomment",
    "pk": 66,
    "fields": {
        "thread": 66,
        "parent_id": 66,
        "level": 0,
        "order": 1,
        "followup": false,
        "nested_count": 0
    }
},
{
    "model": "django_comments_xtd.xtdcomment",
    "pk": 67,
    "fields": {
        "thread": 67,
        "parent_id": 67,
        "level": 0,
        "order": 1,
        "followup": false,
        "nested_count": 0
    }
},
{
    "model": "django_comments_xtd.xtdcomment",
    "pk": 68,
    "fields": {
        "thread": 68,
        "parent_id": 68,
        "level": 0,
        "order": 1,
        "followup": false,
        "nested_count": 1
    }
},
{
    "model": "django_comments_xtd.xtdcomment",
    "pk": 69,
    "fields": {
        "thread": 68,
        "parent_id": 68,
        "level": 1,
        "order": 2,
        "followup": false,
        "nested_count": 0
    }
},
{
    "model": "django_comments_xtd.xtdcomment",
    "pk": 70,
    "fields": {
        "thread": 70,
        "parent_id": 70,
        "level": 0,
        "order": 1,
        "followup": false,
        "nested_count": 0
    }
},
{
    "model": "django_comments_xtd.xtdcomment",
    "pk": 71,
    "fields": {
        "thread": 71,
        "parent_id": 71,
        "level": 0,
        "order": 1,
        "followup": false,
        "nested_count": 2
    }
},
{
    "model": "django_comments_xtd.xtdcomment",
    "pk": 72,
    "fields": {
        "thread": 71,
        "parent_id": 71,
        "level": 1,
        "order": 2,
        "followup": false,
        "nested_count": 0
    }
},
{
    "model": "django_comments_xtd.xtdcomment",
    "pk": 73,
    "fields": {
        "thread": 71,
        "parent_id": 71,
        "level": 1,
        "order": 3,
        "followup": false,
        "nested_count": 0
    }
},
{
    "model": "django_comments_xtd.commentreaction",
    "pk": 1,
    "fields": {
        "reaction": "H",
        "comment": 3,
        "counter": 1
    }
},
{
    "model": "django_comments_xtd.commentreaction",
    "pk": 2,
    "fields": {
        "reaction": "+",
        "comment": 7,
        "counter": 7
    }
},
{
    "model": "django_comments_xtd.commentreaction",
    "pk": 3,
    "fields": {
        "reaction": "S",
        "comment": 11,
        "counter": 5
    }
},
{
    "model": "django_comments_xtd.commentreaction",
    "pk": 4,
    "fields": {
        "reaction": "H",
        "comment": 12,
        "counter": 7
    }
},
{
    "model": "django_comments_xtd.commentreaction",
    "pk": 5,
    "fields": {
        "reaction": "R",
        "comment": 13,
        "counter": 2
    }
},
{
    "model": "django_comments_xtd.commentreaction",
    "pk": 6,
    "fields": {
        "reaction": "S",
        "comment": 23,
        "counter": 7
    }
},
{
    "model": "django_comments_xtd.commentreaction",
    "pk": 7,
    "fields": {
        "reaction": "H",
        "comment": 24,
        "counter": 8
    }
},
{
    "model": "django_comments_xtd.commentreaction",
    "pk": 8,
    "fields": {
        "reaction": "R",
        "comment": 25,
        "counter": 1
    }
},
{
    "model": "django_comments_xtd.commentreaction",
    "pk": 9,
    "fields": {
        "reaction": "S",
        "comment": 29,
        "counter": 7
    }
},
{
    "model": "django_comments_xtd.commentreaction",
    "pk": 10,
    "fields": {
        "reaction": "H",
        "comment": 30,
        "counter": 8
    }
},
{
    "model": "django_comments_xtd.commentreaction",
    "pk": 11,
    "fields": {
        "reaction": "R",
        "comment": 31,
        "counter": 1
    }
},
{
    "model": "django_comments_xtd.commentreaction",
    "pk": 12,
    "fields": {
        "reaction": "G",
        "comment": 7,
        "counter": 1
    }
},
{
    "model": "django_comments_xtd.commentreaction",
    "pk": 13,
    "fields": {
        "reaction": "G",
        "comment": 11,
        "counter": 1
    }
},
{
    "model": "django_comments_xtd.commentreaction",
    "pk": 14,
    "fields": {
        "reaction": "+",
        "comment": 13,
        "counter": 3
    }
},
{
    "model": "django_comments_xtd.commentreaction",
    "pk": 15,
    "fields": {
        "reaction": "G",
        "comment": 17,
        "counter": 5
    }
},
{
    "model": "django_comments_xtd.commentreaction",
    "pk": 16,
    "fields": {
        "reaction": "H",
        "comment": 18,
        "counter": 5
    }
},
{
    "model": "django_comments_xtd.commentreaction",
    "pk": 17,
    "fields": {
        "reaction": "+",
        "comment": 19,
        "counter": 3
    }
},
{
    "model": "django_comments_xtd.commentreaction",
    "pk": 18,
    "fields": {
        "reaction": "+",
        "comment": 47,
        "counter": 5
    }
},
{
    "model": "django_comments_xtd.commentreaction",
    "pk": 19,
    "fields": {
        "reaction": "G",
        "comment": 23,
        "counter": 1
    }
},
{
    "model": "django_comments_xtd.commentreaction",
    "pk": 20,
    "fields": {
        "reaction": "+",
        "comment": 25,
        "counter": 3
    }
},
{
    "model": "django_comments_xtd.commentreaction",
    "pk": 21,
    "fields": {
        "reaction": "+",
        "comment": 57,
        "counter": 7
    }
},
{
    "model": "django_comments_xtd.commentreaction",
    "pk": 22,
    "fields": {
        "reaction": "G",
        "comment": 29,
        "counter": 1
    }
},
{
    "model": "django_comments_xtd.commentreaction",
    "pk": 23,
    "fields": {
        "reaction": "+",
        "comment": 31,
        "counter": 4
    }
},
{
    "model": "django_comments_xtd.commentreaction",
    "pk": 24,
    "fields": {
        "reaction": "+",
        "comment": 59,
        "counter": 7
    }
},
{
    "model": "django_comments_xtd.commentreaction",
    "pk": 25,
    "fields": {
        "reaction": "C",
        "comment": 61,
        "counter": 2
    }
},
{
    "model": "django_comments_xtd.commentreaction",
    "pk": 26,
    "fields": {
        "reaction": "E",
        "comment": 51,
        "counter": 3
    }
},
{
    "model": "django_comments_xtd.commentreaction",
    "pk": 27,
    "fields": {
        "reaction": "+",
        "comment": 17,
        "counter": 1
    }
},
{
    "model": "django_comments_xtd.commentreaction",
    "pk": 28,
    "fields": {
        "reaction": "+",
        "comment": 55,
        "counter": 4
    }
},
{
    "model": "django_comments_xtd.commentreaction",
    "pk": 29,
    "fields": {
        "reaction": "+",
        "comment": 11,
        "counter": 1
    }
},
{
    "model": "django_comments_xtd.commentreaction",
    "pk": 30,
    "fields": {
        "reaction": "S",
        "comment": 19,
        "counter": 2
    }
},
{
    "model": "django_comments_xtd.commentreaction",
    "pk": 31,
    "fields": {
        "reaction": "C",
        "comment": 53,
        "counter": 1
    }
},
{
    "model": "django_comments_xtd.commentreaction",
    "pk": 32,
    "fields": {
        "reaction": "E",
        "comment": 61,
        "counter": 2
    }
},
{
    "model": "django_comments_xtd.commentreaction",
    "pk": 46,
    "fields": {
        "reaction": "G",
        "comment": 67,
        "counter": 1
    }
},
{
    "model": "django_comments_xtd.commentreaction",
    "pk": 47,
    "fields": {
        "reaction": "S",
        "comment": 67,
        "counter": 1
    }
},
{
    "model": "django_comments_xtd.commentreaction",
    "pk": 71,
    "fields": {
        "reaction": "E",
        "comment": 65,
        "counter": 1
    }
},
{
    "model": "django_comments_xtd.commentreaction",
    "pk": 74,
    "fields": {
        "reaction": "G",
        "comment": 68,
        "counter": 5
    }
},
{
    "model": "django_comments_xtd.commentreaction",
    "pk": 75,
    "fields": {
        "reaction": "+",
        "comment": 68,
        "counter": 1
    }
},
{
    "model": "django_comments_xtd.commentreactionauthor",
    "pk": 1,
    "fields": {
        "reaction": 1,
        "author": 1
    }
},
{
    "model": "django_comments_xtd.commentreactionauthor",
    "pk": 2,
    "fields": {
        "reaction": 2,
        "author": 12
    }
},
{
    "model": "django_comments_xtd.commentreactionauthor",
    "pk": 3,
    "fields": {
        "reaction": 3,
        "author": 12
    }
},
{
    "model": "django_comments_xtd.commentreactionauthor",
    "pk": 4,
    "fields": {
        "reaction": 4,
        "author": 12
    }
},
{
    "model": "django_comments_xtd.commentreactionauthor",
    "pk": 5,
    "fields": {
        "reaction": 5,
        "author": 12
    }
},
{
    "model": "django_comments_xtd.commentreactionauthor",
    "pk": 6,
    "fields": {
        "reaction": 6,
        "author": 12
    }
},
{
    "model": "django_comments_xtd.commentreactionauthor",
    "pk": 7,
    "fields": {
        "reaction": 7,
        "author": 12
    }
},
{
    "model": "django_comments_xtd.commentreactionauthor",
    "pk": 8,
    "fields": {
        "reaction": 8,
        "author": 12
    }
},
{
    "model": "django_comments_xtd.commentreactionauthor",
    "pk": 9,
    "fields": {
        "reaction": 9,
        "author": 12
    }
},
{
    "model": "django_comments_xtd.commentreactionauthor",
    "pk": 10,
    "fields": {
        "reaction": 10,
        "author": 12
    }
},
{
    "model": "django_comments_xtd.commentreactionauthor",
    "pk": 11,
    "fields": {
        "reaction": 11,
        "author": 12
    }
},
{
    "model": "django_comments_xtd.commentreactionauthor",
    "pk": 12,
    "fields": {
        "reaction": 12,
        "author": 20
    }
},
{
    "model": "django_comments_xtd.commentreactionauthor",
    "pk": 13,
    "fields": {
        "reaction": 4,
        "author": 20
    }
},
{
    "model": "django_comments_xtd.commentreactionauthor",
    "pk": 14,
    "fields": {
        "reaction": 13,
        "author": 20
    }
},
{
    "model": "django_comments_xtd.commentreactionauthor",
    "pk": 15,
    "fields": {
        "reaction": 14,
        "author": 20
    }
},
{
    "model": "django_comments_xtd.commentreactionauthor",
    "pk": 16,
    "fields": {
        "reaction": 15,
        "author": 20
    }
},
{
    "model": "django_comments_xtd.commentreactionauthor",
    "pk": 17,
    "fields": {
        "reaction": 16,
        "author": 20
    }
},
{
    "model": "django_comments_xtd.commentreactionauthor",
    "pk": 18,
    "fields": {
        "reaction": 17,
        "author": 20
    }
},
{
    "model": "django_comments_xtd.commentreactionauthor",
    "pk": 19,
    "fields": {
        "reaction": 18,
        "author": 20
    }
},
{
    "model": "django_comments_xtd.commentreactionauthor",
    "pk": 20,
    "fields": {
        "reaction": 19,
        "author": 20
    }
},
{
    "model": "django_comments_xtd.commentreactionauthor",
    "pk": 21,
    "fields": {
        "reaction": 7,
        "author": 20
    }
},
{
    "model": "django_comments_xtd.commentreactionauthor",
    "pk": 22,
    "fields": {
        "reaction": 20,
        "author": 20
    }
},
{
    "model": "django_comments_xtd.commentreactionauthor",
    "pk": 23,
    "fields": {
        "reaction": 21,
        "author": 20
    }
},
{
    "model": "django_comments_xtd.commentreactionauthor",
    "pk": 24,
    "fields": {
        "reaction": 22,
        "author": 20
    }
},
{
    "model": "django_comments_xtd.commentreactionauthor",
    "pk": 25,
    "fields": {
        "reaction": 10,
        "author": 20
    }
},
{
    "model": "django_comments_xtd.commentreactionauthor",
    "pk": 26,
    "fields": {
        "reaction": 23,
        "author": 20
    }
},
{
    "model": "django_comments_xtd.commentreactionauthor",
    "pk": 27,
    "fields": {
        "reaction": 24,
        "author": 20
    }
},
{
    "model": "django_comments_xtd.commentreactionauthor",
    "pk": 28,
    "fields": {
        "reaction": 25,
        "author": 20
    }
},
{
    "model": "django_comments_xtd.commentreactionauthor",
    "pk": 29,
    "fields": {
        "reaction": 26,
        "author": 20
    }
},
{
    "model": "django_comments_xtd.commentreactionauthor",
    "pk": 30,
    "fields": {
        "reaction": 2,
        "author": 24
    }
},
{
    "model": "django_comments_xtd.commentreactionauthor",
    "pk": 31,
    "fields": {
        "reaction": 16,
        "author": 24
    }
},
{
    "model": "django_comments_xtd.commentreactionauthor",
    "pk": 32,
    "fields": {
        "reaction": 27,
        "author": 24
    }
},
{
    "model": "django_comments_xtd.commentreactionauthor",
    "pk": 33,
    "fields": {
        "reaction": 18,
        "author": 24
    }
},
{
    "model": "django_comments_xtd.commentreactionauthor",
    "pk": 34,
    "fields": {
        "reaction": 17,
        "author": 24
    }
},
{
    "model": "django_comments_xtd.commentreactionauthor",
    "pk": 35,
    "fields": {
        "reaction": 6,
        "author": 24
    }
},
{
    "model": "django_comments_xtd.commentreactionauthor",
    "pk": 36,
    "fields": {
        "reaction": 7,
        "author": 24
    }
},
{
    "model": "django_comments_xtd.commentreactionauthor",
    "pk": 37,
    "fields": {
        "reaction": 20,
        "author": 24
    }
},
{
    "model": "django_comments_xtd.commentreactionauthor",
    "pk": 38,
    "fields": {
        "reaction": 21,
        "author": 24
    }
},
{
    "model": "django_comments_xtd.commentreactionauthor",
    "pk": 39,
    "fields": {
        "reaction": 9,
        "author": 24
    }
},
{
    "model": "django_comments_xtd.commentreactionauthor",
    "pk": 40,
    "fields": {
        "reaction": 10,
        "author": 24
    }
},
{
    "model": "django_comments_xtd.commentreactionauthor",
    "pk": 41,
    "fields": {
        "reaction": 23,
        "author": 24
    }
},
{
    "model": "django_comments_xtd.commentreactionauthor",
    "pk": 42,
    "fields": {
        "reaction": 24,
        "author": 24
    }
},
{
    "model": "django_comments_xtd.commentreactionauthor",
    "pk": 43,
    "fields": {
        "reaction": 28,
        "author": 24
    }
},
{
    "model": "django_comments_xtd.commentreactionauthor",
    "pk": 44,
    "fields": {
        "reaction": 2,
        "author": 25
    }
},
{
    "model": "django_comments_xtd.commentreactionauthor",
    "pk": 45,
    "fields": {
        "reaction": 4,
        "author": 25
    }
},
{
    "model": "django_comments_xtd.commentreactionauthor",
    "pk": 46,
    "fields": {
        "reaction": 29,
        "author": 25
    }
},
{
    "model": "django_comments_xtd.commentreactionauthor",
    "pk": 47,
    "fields": {
        "reaction": 14,
        "author": 25
    }
},
{
    "model": "django_comments_xtd.commentreactionauthor",
    "pk": 48,
    "fields": {
        "reaction": 6,
        "author": 25
    }
},
{
    "model": "django_comments_xtd.commentreactionauthor",
    "pk": 49,
    "fields": {
        "reaction": 7,
        "author": 25
    }
},
{
    "model": "django_comments_xtd.commentreactionauthor",
    "pk": 50,
    "fields": {
        "reaction": 21,
        "author": 25
    }
},
{
    "model": "django_comments_xtd.commentreactionauthor",
    "pk": 51,
    "fields": {
        "reaction": 9,
        "author": 25
    }
},
{
    "model": "django_comments_xtd.commentreactionauthor",
    "pk": 52,
    "fields": {
        "reaction": 10,
        "author": 25
    }
},
{
    "model": "django_comments_xtd.commentreactionauthor",
    "pk": 53,
    "fields": {
        "reaction": 24,
        "author": 25
    }
},
{
    "model": "django_comments_xtd.commentreactionauthor",
    "pk": 54,
    "fields": {
        "reaction": 26,
        "author": 25
    }
},
{
    "model": "django_comments_xtd.commentreactionauthor",
    "pk": 55,
    "fields": {
        "reaction": 2,
        "author": 26
    }
},
{
    "model": "django_comments_xtd.commentreactionauthor",
    "pk": 56,
    "fields": {
        "reaction": 3,
        "author": 26
    }
},
{
    "model": "django_comments_xtd.commentreactionauthor",
    "pk": 57,
    "fields": {
        "reaction": 4,
        "author": 26
    }
},
{
    "model": "django_comments_xtd.commentreactionauthor",
    "pk": 58,
    "fields": {
        "reaction": 15,
        "author": 26
    }
},
{
    "model": "django_comments_xtd.commentreactionauthor",
    "pk": 59,
    "fields": {
        "reaction": 16,
        "author": 26
    }
},
{
    "model": "django_comments_xtd.commentreactionauthor",
    "pk": 60,
    "fields": {
        "reaction": 18,
        "author": 26
    }
},
{
    "model": "django_comments_xtd.commentreactionauthor",
    "pk": 61,
    "fields": {
        "reaction": 6,
        "author": 26
    }
},
{
    "model": "django_comments_xtd.commentreactionauthor",
    "pk": 62,
    "fields": {
        "reaction": 7,
        "author": 26
    }
},
{
    "model": "django_comments_xtd.commentreactionauthor",
    "pk": 63,
    "fields": {
        "reaction": 21,
        "author": 26
    }
},
{
    "model": "django_comments_xtd.commentreactionauthor",
    "pk": 64,
    "fields": {
        "reaction": 9,
        "author": 26
    }
},
{
    "model": "django_comments_xtd.commentreactionauthor",
    "pk": 65,
    "fields": {
        "reaction": 10,
        "author": 26
    }
},
{
    "model": "django_comments_xtd.commentreactionauthor",
    "pk": 66,
    "fields": {
        "reaction": 28,
        "author": 26
    }
},
{
    "model": "django_comments_xtd.commentreactionauthor",
    "pk": 67,
    "fields": {
        "reaction": 24,
        "author": 26
    }
},
{
    "model": "django_comments_xtd.commentreactionauthor",
    "pk": 68,
    "fields": {
        "reaction": 2,
        "author": 27
    }
},
{
    "model": "django_comments_xtd.commentreactionauthor",
    "pk": 69,
    "fields": {
        "reaction": 3,
        "author": 27
    }
},
{
    "model": "django_comments_xtd.commentreactionauthor",
    "pk": 70,
    "fields": {
        "reaction": 4,
        "author": 27
    }
},
{
    "model": "django_comments_xtd.commentreactionauthor",
    "pk": 71,
    "fields": {
        "reaction": 5,
        "author": 27
    }
},
{
    "model": "django_comments_xtd.commentreactionauthor",
    "pk": 72,
    "fields": {
        "reaction": 15,
        "author": 27
    }
},
{
    "model": "django_comments_xtd.commentreactionauthor",
    "pk": 73,
    "fields": {
        "reaction": 16,
        "author": 27
    }
},
{
    "model": "django_comments_xtd.commentreactionauthor",
    "pk": 74,
    "fields": {
        "reaction": 30,
        "author": 27
    }
},
{
    "model": "django_comments_xtd.commentreactionauthor",
    "pk": 75,
    "fields": {
        "reaction": 18,
        "author": 27
    }
},
{
    "model": "django_comments_xtd.commentreactionauthor",
    "pk": 76,
    "fields": {
        "reaction": 6,
        "author": 27
    }
},
{
    "model": "django_comments_xtd.commentreactionauthor",
    "pk": 77,
    "fields": {
        "reaction": 7,
        "author": 27
    }
},
{
    "model": "django_comments_xtd.commentreactionauthor",
    "pk": 78,
    "fields": {
        "reaction": 20,
        "author": 27
    }
},
{
    "model": "django_comments_xtd.commentreactionauthor",
    "pk": 79,
    "fields": {
        "reaction": 21,
        "author": 27
    }
},
{
    "model": "django_comments_xtd.commentreactionauthor",
    "pk": 80,
    "fields": {
        "reaction": 31,
        "author": 27
    }
},
{
    "model": "django_comments_xtd.commentreactionauthor",
    "pk": 81,
    "fields": {
        "reaction": 9,
        "author": 27
    }
},
{
    "model": "django_comments_xtd.commentreactionauthor",
    "pk": 82,
    "fields": {
        "reaction": 10,
        "author": 27
    }
},
{
    "model": "django_comments_xtd.commentreactionauthor",
    "pk": 83,
    "fields": {
        "reaction": 23,
        "author": 27
    }
},
{
    "model": "django_comments_xtd.commentreactionauthor",
    "pk": 84,
    "fields": {
        "reaction": 28,
        "author": 27
    }
},
{
    "model": "django_comments_xtd.commentreactionauthor",
    "pk": 85,
    "fields": {
        "reaction": 24,
        "author": 27
    }
},
{
    "model": "django_comments_xtd.commentreactionauthor",
    "pk": 86,
    "fields": {
        "reaction": 32,
        "author": 27
    }
},
{
    "model": "django_comments_xtd.commentreactionauthor",
    "pk": 87,
    "fields": {
        "reaction": 2,
        "author": 28
    }
},
{
    "model": "django_comments_xtd.commentreactionauthor",
    "pk": 88,
    "fields": {
        "reaction": 3,
        "author": 28
    }
},
{
    "model": "django_comments_xtd.commentreactionauthor",
    "pk": 89,
    "fields": {
        "reaction": 4,
        "author": 28
    }
},
{
    "model": "django_comments_xtd.commentreactionauthor",
    "pk": 90,
    "fields": {
        "reaction": 15,
        "author": 28
    }
},
{
    "model": "django_comments_xtd.commentreactionauthor",
    "pk": 91,
    "fields": {
        "reaction": 30,
        "author": 28
    }
},
{
    "model": "django_comments_xtd.commentreactionauthor",
    "pk": 92,
    "fields": {
        "reaction": 18,
        "author": 28
    }
},
{
    "model": "django_comments_xtd.commentreactionauthor",
    "pk": 93,
    "fields": {
        "reaction": 6,
        "author": 28
    }
},
{
    "model": "django_comments_xtd.commentreactionauthor",
    "pk": 94,
    "fields": {
        "reaction": 7,
        "author": 28
    }
},
{
    "model": "django_comments_xtd.commentreactionauthor",
    "pk": 95,
    "fields": {
        "reaction": 21,
        "author": 28
    }
},
{
    "model": "django_comments_xtd.commentreactionauthor",
    "pk": 96,
    "fields": {
        "reaction": 9,
        "author": 28
    }
},
{
    "model": "django_comments_xtd.commentreactionauthor",
    "pk": 97,
    "fields": {
        "reaction": 10,
        "author": 28
    }
},
{
    "model": "django_comments_xtd.commentreactionauthor",
    "pk": 98,
    "fields": {
        "reaction": 28,
        "author": 28
    }
},
{
    "model": "django_comments_xtd.commentreactionauthor",
    "pk": 99,
    "fields": {
        "reaction": 32,
        "author": 28
    }
},
{
    "model": "django_comments_xtd.commentreactionauthor",
    "pk": 100,
    "fields": {
        "reaction": 24,
        "author": 28
    }
},
{
    "model": "django_comments_xtd.commentreactionauthor",
    "pk": 101,
    "fields": {
        "reaction": 2,
        "author": 29
    }
},
{
    "model": "django_comments_xtd.commentreactionauthor",
    "pk": 102,
    "fields": {
        "reaction": 3,
        "author": 29
    }
},
{
    "model": "django_comments_xtd.commentreactionauthor",
    "pk": 103,
    "fields": {
        "reaction": 4,
        "author": 29
    }
},
{
    "model": "django_comments_xtd.commentreactionauthor",
    "pk": 104,
    "fields": {
        "reaction": 14,
        "author": 29
    }
},
{
    "model": "django_comments_xtd.commentreactionauthor",
    "pk": 105,
    "fields": {
        "reaction": 15,
        "author": 29
    }
},
{
    "model": "django_comments_xtd.commentreactionauthor",
    "pk": 106,
    "fields": {
        "reaction": 16,
        "author": 29
    }
},
{
    "model": "django_comments_xtd.commentreactionauthor",
    "pk": 107,
    "fields": {
        "reaction": 17,
        "author": 29
    }
},
{
    "model": "django_comments_xtd.commentreactionauthor",
    "pk": 108,
    "fields": {
        "reaction": 7,
        "author": 29
    }
},
{
    "model": "django_comments_xtd.commentreactionauthor",
    "pk": 109,
    "fields": {
        "reaction": 6,
        "author": 29
    }
},
{
    "model": "django_comments_xtd.commentreactionauthor",
    "pk": 110,
    "fields": {
        "reaction": 21,
        "author": 29
    }
},
{
    "model": "django_comments_xtd.commentreactionauthor",
    "pk": 111,
    "fields": {
        "reaction": 9,
        "author": 29
    }
},
{
    "model": "django_comments_xtd.commentreactionauthor",
    "pk": 112,
    "fields": {
        "reaction": 10,
        "author": 29
    }
},
{
    "model": "django_comments_xtd.commentreactionauthor",
    "pk": 113,
    "fields": {
        "reaction": 26,
        "author": 29
    }
},
{
    "model": "django_comments_xtd.commentreactionauthor",
    "pk": 114,
    "fields": {
        "reaction": 25,
        "author": 29
    }
},
{
    "model": "django_comments_xtd.commentreactionauthor",
    "pk": 115,
    "fields": {
        "reaction": 24,
        "author": 29
    }
},
{
    "model": "django_comments_xtd.commentreactionauthor",
    "pk": 123,
    "fields": {
        "reaction": 23,
        "author": 29
    }
},
{
    "model": "django_comments_xtd.commentreactionauthor",
    "pk": 137,
    "fields": {
        "reaction": 46,
        "author": 1
    }
},
{
    "model": "django_comments_xtd.commentreactionauthor",
    "pk": 138,
    "fields": {
        "reaction": 47,
        "author": 1
    }
},
{
    "model": "django_comments_xtd.commentreactionauthor",
    "pk": 162,
    "fields": {
        "reaction": 71,
        "author": 1
    }
},
{
    "model": "django_comments_xtd.commentreactionauthor",
    "pk": 165,
    "fields": {
        "reaction": 74,
        "author": 20
    }
},
{
    "model": "django_comments_xtd.commentreactionauthor",
    "pk": 166,
    "fields": {
        "reaction": 74,
        "author": 26
    }
},
{
    "model": "django_comments_xtd.commentreactionauthor",
    "pk": 167,
    "fields": {
        "reaction": 74,
        "author": 27
    }
},
{
    "model": "django_comments_xtd.commentreactionauthor",
    "pk": 168,
    "fields": {
        "reaction": 74,
        "author": 28
    }
},
{
    "model": "django_comments_xtd.commentreactionauthor",
    "pk": 169,
    "fields": {
        "reaction": 74,
        "author": 29
    }
},
{
    "model": "django_comments_xtd.commentreactionauthor",
    "pk": 170,
    "fields": {
        "reaction": 75,
        "author": 24
    }
}
]
